João Pedro Espinheira,roma1933@damore.com,(47) 9 6784-7333
Sr. Nicole da Mata Jr.,jess_schinner@rosenbaum.biz,(85) 5831-1365
Lucca Goulart,carlo1992@adams.name,(75) 5820-9149
Emanuelly Pires,katherine_rippin@fahey.net,(27) 9 4788-6005
Pérola Conceição,brandyn1972@graham.biz,(65) 9 7588-1789
Antônio da Bandeira,bill2014@feeney.biz,(63) 9 7064-4821
Ana Lívia Ramalho,viola.nikolaus@gutmann.info,(85) 5144-1060
Sra. Matheus de Sá Neto,flo.harris@shanahan.org,(85) 3322-1098
Norberto Casqueira,darwin1983@cole.com,(95) 9 7971-6970
Ana Luiza Diegues,fae_ernser@borer.org,(67) 2798-5940
